data,ttratio,SimpsonD,BWI,MSL,MWL,LD,Delta,cor_att
a_q,1,1,1,1,1,1,1,1
b_q,0,0,0,1,0,1,1,0.428571429
c_q,0,1,0,1,0,1,1,0.571428571
d_q,0,1,1,1,1,1,1,0.857142857
e_q,0,0,0,0,0,0,1,0.142857143
f_q,1,0,0,1,1,1,1,0.714285714
