index,ttratio,SimpsonD,BWI,MSL,MWL,LD,Delta
TP,2,3,2,5,3,5,6
TN,8,9,8,11,9,11,12
FP,4,3,4,1,3,1,0
FN,4,3,4,1,3,1,0
Accuracy,0.555555556,0.666666667,0.555555556,0.888888889,0.666666667,0.888888889,1
Precision,0.333333333,0.5,0.333333333,0.833333333,0.5,0.833333333,1
Recall,0.333333333,0.5,0.333333333,0.833333333,0.5,0.833333333,1
F1,0.333333333,0.5,0.333333333,0.833333333,0.5,0.833333333,1
