index,sample,query
a,22.23203285,21.44502618
b,18.15860428,17.85714286
c,19.01872659,19.92727273
d,16.01653666,15.86206897
e,18.101028,20.81632653
f,19.19683258,19.14814815
