index,sample,query
a,4.521466667,4.522460938
b,4.681866667,4.5728
c,4.804866667,4.564796905
d,4.290885006,4.203804348
e,4.729686857,4.575980392
f,4.532508348,4.564796905
